Year,Month,Day,Temp high (°C),Temp avg (°C),Temp low (°C),Dew Point high (°C),Dew Point avg (°C),Dew Point low (°C),Humidity (%) high,Humidity (%) avg,Humidity (%) low,Sea Level Press. (hPa) high,Sea Level Press. (hPa) avg,Sea Level Press. (hPa) low,Visibility (km) high,Visibility (km) avg,Visibility (km) low,Wind (km/h) low,Wind (km/h) avg,Wind (km/h) high,Precip. (mm) sum,WeatherEvent
2011,Jan,1,12,8,4,8,2,-2,83,67,50,1021,1018,1015,11,10,8,19,5,26,0,
2011,Jan,2,11,7,2,9,5,-7,100,73,45,1015,1014,1011,16,9,1,32,8,45,0.25,"Fog , Rain"
2011,Jan,3,2,0,-2,-8,-11,-13,53,44,35,1022,1020,1015,16,16,16,34,14,48,0,
2011,Jan,4,4,2,0,-7,-9,-11,52,47,40,1020,1014,1009,16,16,13,16,10,29,0,
2011,Jan,5,4,1,-2,-6,-8,-12,61,50,39,1012,1010,1009,16,16,16,24,10,32,0,
2011,Jan,6,1,-1,-3,-9,-9,-11,63,54,45,1008,1005,1002,16,16,16,14,4,21,0,
2011,Jan,7,1,-2,-4,0,-4,-9,92,71,49,1000,997,994,16,6,0,19,8,26,4.83,"Fog , Snow"
2011,Jan,8,-1,-3,-5,-6,-7,-8,81,75,69,1000,998,996,16,11,3,19,6,24,T,Snow
2011,Jan,9,0,-2,-3,-8,-11,-11,75,61,47,1019,1011,1000,16,16,16,34,18,47,0,
2011,Jan,10,2,-1,-4,-9,-10,-12,63,53,43,1024,1022,1019,16,16,16,29,14,42,0,
2011,Jan,11,-1,-3,-5,-4,-7,-9,92,75,58,1025,1018,1009,16,10,0,24,9,29,6.35,"Fog , Snow"
2011,Jan,12,-1,-2,-4,-4,-7,-12,92,73,53,1011,1005,1002,16,7,0,34,18,48,15.49,"Fog , Snow"
2011,Jan,13,-1,-4,-8,-11,-12,-15,61,52,42,1026,1020,1011,16,16,16,27,17,40,0,
2011,Jan,14,-1,-4,-8,-11,-12,-14,67,57,46,1027,1026,1025,16,16,16,16,9,23,0,
2011,Jan,15,3,-1,-5,-4,-8,-12,68,58,47,1026,1019,1012,16,15,11,26,8,39,0,
2011,Jan,16,3,0,-3,-6,-11,-14,61,48,35,1023,1018,1012,16,16,14,27,13,39,0,
2011,Jan,17,-3,-5,-7,-12,-14,-16,54,48,42,1029,1026,1024,16,16,13,23,11,32,T,
2011,Jan,18,5,1,-4,4,-2,-11,100,78,55,1026,1013,1003,16,5,1,35,16,50,32.26,"Rain , Snow"
2011,Jan,19,5,3,2,2,0,-4,92,81,70,1013,1007,1003,16,13,6,23,9,29,1.78,Rain
2011,Jan,20,2,1,-1,-6,-8,-11,69,56,43,1019,1015,1008,16,16,16,23,11,35,0,
2011,Jan,21,0,-4,-8,-3,-8,-17,92,66,40,1012,1004,1000,16,9,1,34,14,45,10.41,"Fog , Snow"
2011,Jan,22,-4,-7,-11,-15,-17,-18,58,49,40,1016,1013,1011,16,16,16,23,9,32,0,
2011,Jan,23,-4,-8,-12,-16,-17,-22,59,47,34,1028,1017,1012,16,16,16,32,15,42,0,
2011,Jan,24,-4,-9,-14,-13,-19,-22,60,46,31,1033,1030,1027,16,16,16,23,9,29,0,
2011,Jan,25,3,-1,-4,-3,-6,-12,85,68,50,1027,1022,1019,16,8,0,23,6,32,1.27,"Fog , Snow"
2011,Jan,26,2,1,-1,-2,-2,-4,92,78,64,1019,1010,1000,11,3,0,35,15,60,32.77,"Fog , Rain , Snow"
2011,Jan,27,2,1,-2,-2,-4,-8,92,73,54,1011,1007,1001,16,7,0,23,5,35,21.84,"Fog , Snow"
2011,Jan,28,1,-1,-2,-2,-4,-7,85,73,61,1012,1011,1009,14,9,3,16,6,23,T,Snow
2011,Jan,29,2,1,-2,-3,-4,-8,85,66,47,1016,1014,1011,14,9,2,19,7,26,0.25,Snow
2011,Jan,30,4,1,-3,-4,-6,-11,85,69,52,1026,1019,1015,16,13,8,24,9,34,0,
2011,Jan,31,-1,-3,-6,-11,-12,-17,68,51,33,1033,1030,1026,16,16,10,19,9,26,T,Snow
2011,Feb,1,-1,-2,-4,-3,-4,-11,92,80,68,1031,1026,1021,13,5,1,26,14,35,4.32,"Rain , Snow"
2011,Feb,2,3,1,-3,1,-2,-7,96,74,52,1023,1011,1004,16,5,1,35,10,61,17.78,Rain
2011,Feb,3,1,-2,-4,-7,-12,-14,59,48,36,1028,1024,1016,16,16,16,32,14,42,0,
2011,Feb,4,1,-2,-5,-7,-11,-14,59,49,38,1027,1023,1019,16,16,16,26,10,35,0,
2011,Feb,5,6,3,-1,5,0,-7,100,78,56,1019,1006,994,16,6,0,32,9,48,5.33,"Fog , Rain , Snow"
2011,Feb,6,7,5,3,-1,-3,-4,76,61,45,1017,1011,998,16,16,16,35,11,53,0,
2011,Feb,7,7,5,2,3,-1,-4,92,71,49,1018,1013,1006,16,12,5,21,7,26,3.3,Rain
2011,Feb,8,5,-1,-8,3,-4,-18,92,64,36,1021,1006,1000,16,12,5,37,20,63,2.79,Rain
2011,Feb,9,-2,-6,-9,-12,-16,-18,54,45,35,1025,1021,1017,16,16,16,26,13,45,0,
2011,Feb,10,-2,-3,-6,-11,-16,-21,50,39,27,1021,1017,1014,16,16,16,26,13,35,0,
2011,Feb,11,3,-2,-7,-12,-15,-17,45,39,32,1023,1020,1017,16,16,16,24,10,32,0,
2011,Feb,12,4,2,-1,-6,-9,-13,61,47,32,1019,1013,1009,16,16,11,32,14,56,0,
2011,Feb,13,8,3,-2,-4,-8,-13,47,42,37,1020,1015,1008,16,16,16,27,13,40,0,
2011,Feb,14,14,9,3,-2,-3,-7,57,44,30,1010,1002,996,16,16,16,50,21,69,0,
2011,Feb,15,3,-1,-4,-7,-16,-20,52,36,20,1030,1024,1012,16,16,16,45,19,61,0,
2011,Feb,16,9,3,-3,-4,-12,-21,42,30,17,1030,1026,1021,16,16,16,26,7,40,0,
2011,Feb,17,17,13,8,5,-1,-4,59,46,32,1021,1019,1015,16,16,13,21,7,29,0,
2011,Feb,18,19,14,8,8,4,-14,77,48,18,1014,1007,1002,16,15,13,37,11,58,0,
2011,Feb,19,12,4,-5,-8,-12,-16,46,31,15,1017,1008,1004,16,16,16,50,26,76,T,
2011,Feb,20,4,-1,-6,-12,-14,-15,52,40,27,1022,1019,1016,16,16,16,35,14,50,0,
2011,Feb,21,3,-1,-4,-2,-4,-13,100,66,32,1015,1011,1007,16,7,1,29,13,40,8.64,"Fog , Snow"
2011,Feb,22,2,-3,-9,-11,-14,-17,52,44,35,1025,1019,1013,16,16,16,29,12,39,0,
2011,Feb,23,4,-1,-6,-13,-14,-16,52,37,22,1028,1026,1025,16,16,16,16,6,24,0,
2011,Feb,24,7,3,-1,3,-6,-15,79,54,29,1026,1021,1015,16,15,10,19,7,27,1.27,Rain
2011,Feb,25,14,8,1,12,5,-8,100,76,51,1016,1002,989,16,7,1,34,8,52,33.53,"Fog , Rain"
2011,Feb,26,6,3,-1,-2,-8,-11,70,50,30,1023,1020,1015,16,16,16,21,9,26,0,
2011,Feb,27,10,7,3,2,-2,-5,85,59,33,1020,1015,1011,16,16,13,26,10,37,0,
2011,Feb,28,16,10,4,11,6,-4,93,75,57,1019,1006,999,16,10,2,32,15,50,11.18,Rain
2011,Mar,1,8,4,1,-6,-11,-16,52,35,18,1026,1022,1013,16,16,16,26,11,42,0,
2011,Mar,2,12,4,-4,-4,-8,-17,59,41,22,1029,1021,1015,16,16,16,34,18,52,0,
2011,Mar,3,1,-3,-7,-15,-18,-20,47,34,21,1039,1036,1030,16,16,16,24,9,37,0,
2011,Mar,4,5,1,-3,1,-8,-18,76,53,29,1040,1038,1034,16,16,16,24,13,35,0,
2011,Mar,5,16,11,5,8,5,1,89,71,53,1035,1029,1022,16,16,11,29,14,47,0.25,
2011,Mar,6,12,11,10,11,10,8,96,90,83,1021,1011,1001,16,7,1,29,14,53,51.31,"Fog , Rain"
2011,Mar,7,12,7,1,11,0,-8,96,67,37,1027,1008,997,16,12,1,29,18,50,2.03,Rain
2011,Mar,8,9,4,-2,-4,-9,-12,54,39,23,1035,1033,1028,16,16,16,21,7,26,0,
2011,Mar,9,7,4,1,0,-2,-4,82,68,53,1037,1035,1031,16,16,11,32,17,42,T,Rain
2011,Mar,10,12,8,3,11,7,0,96,88,79,1030,1018,1008,16,8,2,37,17,66,27.18,Rain
2011,Mar,11,13,9,4,11,7,-3,100,73,46,1010,1008,1006,16,9,2,37,14,63,23.11,Rain
2011,Mar,12,13,8,3,1,-2,-6,76,53,30,1012,1010,1008,16,16,16,27,13,37,0,
2011,Mar,13,12,8,5,2,-3,-4,61,50,39,1023,1016,1009,16,16,16,34,15,53,0,
2011,Mar,14,7,5,3,-2,-3,-5,64,53,41,1030,1026,1023,16,16,16,19,8,27,0,
2011,Mar,15,8,5,1,0,-2,-5,76,65,53,1033,1031,1028,16,16,14,23,8,29,0,
2011,Mar,16,14,9,3,6,3,-2,96,78,59,1028,1020,1015,16,11,3,27,5,37,14.22,Rain
2011,Mar,17,18,13,7,4,1,-2,71,49,27,1023,1020,1016,16,16,16,23,9,39,0,
2011,Mar,18,25,18,11,7,3,-3,63,44,25,1016,1011,1008,16,16,16,35,13,53,0,
2011,Mar,19,15,9,3,1,-4,-7,50,40,29,1032,1024,1014,16,16,16,29,14,39,0,
2011,Mar,20,11,6,1,-1,-7,-11,70,47,23,1038,1035,1033,16,16,16,23,10,34,0,
2011,Mar,21,7,5,2,6,2,-2,93,79,64,1032,1021,1012,16,7,3,16,8,35,11.18,Rain
2011,Mar,22,10,7,4,4,0,-3,100,71,42,1016,1013,1011,16,13,1,26,14,40,T,Fog
2011,Mar,23,4,2,0,1,0,-3,100,77,53,1015,1010,1002,16,6,1,27,11,37,22.1,"Rain , Snow"
2011,Mar,24,7,3,-1,0,-4,-12,96,63,30,1013,1005,1001,16,11,1,24,10,34,2.29,Snow
2011,Mar,25,6,2,-2,-9,-11,-14,58,42,25,1016,1014,1012,16,16,16,26,11,35,0,
2011,Mar,26,4,1,-3,-11,-13,-15,55,40,25,1017,1016,1014,16,16,16,26,14,45,0,
2011,Mar,27,7,3,-2,-11,-13,-16,50,36,22,1016,1014,1011,16,16,16,27,14,45,0,
2011,Mar,28,7,2,-3,-11,-13,-16,42,33,24,1017,1015,1012,16,16,16,27,15,47,0,
2011,Mar,29,9,4,-1,-6,-9,-13,48,37,26,1021,1019,1017,16,16,16,26,13,39,0,
2011,Mar,30,12,7,2,-1,-4,-6,62,46,30,1023,1019,1015,16,16,16,24,7,32,0.25,
2011,Mar,31,6,4,3,2,1,-1,92,77,62,1014,1010,1003,16,14,8,34,17,45,3.3,Rain
2011,Apr,1,7,4,2,2,1,-1,92,75,58,1003,996,993,16,13,6,27,12,37,4.57,Rain
2011,Apr,2,13,8,3,-1,-4,-8,64,44,24,1006,1000,998,16,16,16,29,16,40,0,
2011,Apr,3,14,10,6,-4,-6,-8,49,35,21,1016,1012,1007,16,16,16,27,17,47,T,
2011,Apr,4,17,12,6,8,5,1,83,68,52,1017,1007,997,16,15,10,27,11,39,1.52,Rain
2011,Apr,5,19,12,5,14,6,-7,86,63,39,1008,996,989,16,13,3,34,17,53,4.06,Rain
2011,Apr,6,13,8,3,4,-2,-8,82,53,24,1017,1014,1009,16,14,8,29,11,39,2.29,Rain
2011,Apr,7,11,8,6,3,2,1,82,71,60,1022,1019,1016,16,16,13,26,10,35,0.51,Rain
2011,Apr,8,9,8,6,3,1,-2,82,64,46,1025,1022,1021,16,15,10,21,7,26,0,
2011,Apr,9,14,9,4,3,-1,-6,86,56,25,1024,1021,1019,16,13,5,19,8,26,0,
2011,Apr,10,13,11,8,7,2,-4,86,63,39,1022,1019,1015,16,16,16,21,7,26,0,
2011,Apr,11,27,19,10,16,12,7,93,69,45,1015,1007,1000,16,12,3,23,11,35,T,
2011,Apr,12,22,15,7,17,8,4,89,69,49,1019,1012,1002,16,12,3,42,17,53,27.69,Rain
2011,Apr,13,10,8,6,9,7,3,100,93,86,1017,1013,1010,16,6,2,52,19,64,9.65,Rain
2011,Apr,14,21,15,9,8,4,0,86,56,26,1022,1015,1011,16,16,16,26,9,45,0,
2011,Apr,15,13,9,5,3,-1,-4,70,53,35,1031,1029,1023,16,16,16,35,15,45,0,
2011,Apr,16,13,9,5,11,7,1,100,85,70,1030,1015,1000,16,9,1,39,20,63,36.83,Rain
2011,Apr,17,16,13,10,12,6,-3,93,61,28,1007,1002,998,16,13,1,35,15,56,8.38,Rain
2011,Apr,18,17,13,8,5,1,-3,68,48,27,1017,1014,1007,16,16,16,23,11,37,0,
2011,Apr,19,12,10,8,8,6,3,86,74,61,1020,1017,1014,16,15,10,26,10,35,0.76,Rain
2011,Apr,20,18,13,7,11,7,4,93,75,56,1019,1013,1008,16,9,2,27,9,39,0,
2011,Apr,21,17,12,6,5,-2,-6,59,42,24,1029,1020,1011,16,16,16,32,17,52,0,
2011,Apr,22,11,8,4,1,-3,-5,65,51,36,1032,1031,1029,16,16,16,21,11,27,0,
2011,Apr,23,16,11,6,13,9,1,93,79,65,1028,1020,1014,16,6,2,23,9,34,19.05,Rain
2011,Apr,24,27,19,12,18,16,12,100,74,48,1017,1015,1013,16,8,1,21,5,26,12.7,Rain
2011,Apr,25,24,19,13,17,14,12,100,79,57,1019,1017,1015,14,6,1,19,9,26,0,
2011,Apr,26,28,21,12,18,14,12,100,76,51,1016,1014,1012,16,10,1,26,10,42,0,Fog
2011,Apr,27,24,20,16,18,16,14,97,81,64,1017,1014,1011,16,15,13,24,11,34,T,
2011,Apr,28,22,19,16,18,16,12,100,80,59,1012,1007,1003,16,12,1,24,11,40,7.87,Rain
2011,Apr,29,21,17,12,7,5,3,62,49,35,1012,1008,1005,16,16,16,26,10,37,0,
2011,Apr,30,19,15,10,5,3,1,64,48,31,1023,1018,1013,16,16,16,24,8,35,0,
2011,May,1,21,16,10,6,4,2,74,53,32,1026,1025,1024,16,16,16,21,9,29,0,
2011,May,2,17,14,10,10,7,4,83,72,60,1026,1023,1020,16,16,16,16,8,26,0,
2011,May,3,24,18,13,15,12,10,86,72,57,1021,1017,1014,16,15,13,23,11,32,0,
2011,May,4,18,13,8,14,9,3,93,80,66,1017,1015,1013,16,11,2,23,10,37,12.7,Rain
2011,May,5,18,13,8,4,-1,-6,76,48,20,1016,1014,1012,16,16,16,29,14,45,0,
2011,May,6,22,16,10,8,2,-3,60,44,27,1015,1013,1010,16,16,16,23,9,34,0,
2011,May,7,22,18,13,8,6,2,72,50,28,1011,1010,1008,16,16,16,27,9,47,0,
2011,May,8,23,17,11,9,6,3,71,50,29,1014,1012,1011,16,16,16,21,8,27,0,
2011,May,9,22,17,12,9,4,1,72,50,28,1016,1014,1012,16,16,16,29,11,40,0,
2011,May,10,24,18,12,8,4,2,77,53,29,1017,1015,1014,16,16,16,27,9,37,0,
2011,May,11,22,17,11,10,8,7,83,64,44,1019,1018,1017,16,16,16,26,9,35,0,
2011,May,12,23,17,11,11,8,6,83,61,38,1019,1017,1015,16,16,16,23,8,32,0,
2011,May,13,19,16,11,11,9,8,83,70,56,1017,1014,1011,16,16,14,16,5,23,0,
2011,May,14,18,16,14,13,12,10,87,77,67,1012,1010,1008,16,16,16,16,9,24,0,
2011,May,15,21,18,14,18,16,13,100,92,84,1007,1004,1001,16,5,1,16,7,23,22.61,"Fog , Rain"
2011,May,16,17,14,12,16,14,12,100,97,93,1011,1005,1002,10,4,1,21,14,34,4.32,Rain
2011,May,17,16,13,11,14,13,12,100,94,87,1015,1013,1012,16,10,2,27,19,40,17.02,Rain
2011,May,18,19,16,12,16,14,12,100,94,87,1017,1015,1013,16,5,0,34,10,45,55.37,"Fog , Rain"
2011,May,19,24,20,16,18,16,14,100,84,68,1017,1016,1014,16,7,1,16,7,-,T,"Fog , Rain"
2011,May,20,18,16,14,16,14,13,100,87,73,1015,1014,1013,14,6,2,10,2,-,6.1,Rain
2011,May,21,26,19,13,17,14,12,100,77,54,1017,1014,1013,16,6,2,21,5,29,1.78,Rain
2011,May,22,14,13,12,14,12,11,100,93,86,1023,1020,1017,16,8,1,16,9,24,0,
2011,May,23,19,16,13,17,15,11,100,93,86,1021,1015,1009,16,9,1,16,10,26,2.54,"Fog , Rain"
2011,May,24,27,23,19,21,18,15,100,76,51,1009,1008,1000,16,9,1,21,9,29,0,Fog
2011,May,25,29,24,18,16,14,12,76,58,40,1014,1012,1010,16,16,14,16,6,27,0,
2011,May,26,26,22,18,20,18,15,90,79,67,1014,1013,1011,16,9,6,16,8,29,0,
2011,May,27,28,23,18,21,18,17,93,76,58,1016,1014,1012,16,7,3,14,7,-,0,
2011,May,28,29,24,19,20,18,17,90,72,54,1019,1017,1015,16,14,11,21,8,35,0,
2011,May,29,28,24,19,21,19,18,90,77,63,1021,1019,1017,16,14,10,16,8,29,0,
2011,May,30,30,26,21,21,20,19,93,72,51,1020,1019,1016,16,12,1,16,8,-,7.37,Rain
2011,May,31,32,26,21,20,18,14,90,63,36,1023,1021,1020,16,14,10,16,8,-,0,
2011,Jun,1,32,27,21,23,20,11,90,62,34,1022,1016,1010,16,9,8,21,9,34,0,
2011,Jun,2,27,22,17,9,6,4,43,35,26,1017,1013,1011,16,16,16,27,14,53,0,
2011,Jun,3,24,19,14,5,3,1,55,38,21,1019,1017,1015,16,16,16,29,11,42,0,
2011,Jun,4,24,19,15,12,7,3,72,52,31,1020,1018,1015,16,16,16,23,8,32,T,
2011,Jun,5,21,17,13,13,11,10,84,69,53,1019,1017,1016,16,16,16,21,7,24,0,
2011,Jun,6,27,22,16,14,14,12,90,65,39,1017,1016,1014,16,16,16,19,6,26,0,
2011,Jun,7,31,25,19,17,16,13,81,58,35,1015,1013,1010,16,14,10,23,9,35,0,
2011,Jun,8,34,29,23,21,19,17,73,57,41,1014,1012,1010,16,14,10,11,6,-,0,
2011,Jun,9,35,28,21,23,21,17,97,71,44,1013,1011,1007,13,9,5,14,6,29,1.78,Rain
2011,Jun,10,31,26,21,21,19,17,100,75,50,1016,1014,1012,16,12,6,19,7,26,0,
2011,Jun,11,22,19,16,19,17,15,100,90,79,1017,1016,1014,16,6,1,26,16,39,13.97,Rain
2011,Jun,12,23,19,14,17,16,13,100,84,68,1013,1011,1010,16,14,6,24,9,34,1.27,
2011,Jun,13,23,19,16,17,14,11,100,75,49,1014,1012,1011,16,9,3,21,7,29,1.27,Rain
2011,Jun,14,22,18,14,16,13,11,84,73,61,1013,1012,1010,16,14,4,24,8,29,1.27,Rain
2011,Jun,15,28,21,13,12,11,9,80,57,33,1013,1011,1010,16,16,16,19,8,27,0,
2011,Jun,16,29,23,17,16,14,11,90,65,39,1014,1013,1012,16,15,11,14,7,-,0,
2011,Jun,17,24,21,18,20,18,16,100,84,68,1014,1012,1010,16,5,0,13,4,32,46.23,"Fog , Rain"
2011,Jun,18,28,23,18,18,17,16,100,76,51,1013,1011,1009,16,8,2,11,3,-,0,
2011,Jun,19,28,24,21,17,14,9,78,55,31,1011,1010,1009,16,16,14,14,6,26,0,
2011,Jun,20,27,23,19,16,14,13,73,59,45,1013,1012,1011,16,16,16,11,5,-,0,
2011,Jun,21,28,24,21,21,18,16,78,68,58,1013,1012,1011,16,14,11,19,7,26,0,
2011,Jun,22,27,24,22,22,21,17,100,84,68,1013,1011,1009,16,9,0,21,5,27,6.86,"Fog , Rain"
2011,Jun,23,22,21,19,22,21,18,100,94,87,1010,1009,1007,16,6,1,26,10,37,6.6,"Fog , Rain"
2011,Jun,24,21,20,18,19,18,18,100,95,90,1009,1007,1006,10,5,2,19,10,-,0.76,Rain
2011,Jun,25,27,22,18,19,18,14,100,77,54,1012,1009,1007,16,9,3,16,6,24,0,
2011,Jun,26,26,23,19,16,15,14,78,65,52,1015,1013,1012,16,16,16,16,7,24,0,
2011,Jun,27,28,23,19,18,17,16,87,72,56,1017,1016,1014,16,16,14,14,4,21,0,
2011,Jun,28,28,26,22,22,19,17,93,78,62,1015,1012,1010,16,12,8,16,4,26,0,
2011,Jun,29,28,24,21,23,18,13,100,71,42,1014,1011,1009,16,12,2,23,6,32,2.54,Rain
2011,Jun,30,28,23,18,14,13,11,73,56,39,1015,1014,1013,16,16,16,19,8,26,0,
2011,Jul,1,28,23,17,16,12,9,66,53,39,1017,1016,1014,16,16,16,19,6,26,0,
2011,Jul,2,30,25,20,18,16,14,81,61,40,1019,1016,1015,16,16,16,16,5,32,0,
2011,Jul,3,23,22,21,22,21,17,100,84,68,1014,1012,1010,16,5,0,23,5,29,21.34,"Fog , Rain"
2011,Jul,4,30,26,21,21,19,13,100,71,42,1012,1011,1009,16,9,2,21,4,29,0,
2011,Jul,5,31,26,21,18,13,11,62,46,29,1014,1013,1011,16,16,16,19,6,26,0,
2011,Jul,6,32,27,23,21,19,17,79,66,52,1014,1013,1011,16,13,10,14,7,29,T,
2011,Jul,7,33,28,23,21,19,18,84,65,46,1013,1012,1011,16,14,10,16,6,27,0,
2011,Jul,8,29,25,20,23,21,19,93,79,65,1013,1010,1007,16,8,2,21,5,27,10.16,Rain
2011,Jul,9,31,26,19,20,18,12,100,67,34,1016,1010,1007,16,10,3,21,7,27,0,
2011,Jul,10,30,25,20,18,15,12,73,55,37,1019,1017,1016,16,16,16,16,3,21,0,
2011,Jul,11,33,28,23,22,20,18,74,62,50,1016,1013,1007,16,13,11,23,8,32,0,
2011,Jul,12,34,30,26,22,20,17,79,59,38,1007,1006,1005,16,15,11,24,11,37,0,
2011,Jul,13,30,26,21,20,16,12,97,67,37,1011,1008,1006,16,14,1,26,9,40,2.79,"Fog , Rain"
2011,Jul,14,29,23,18,16,13,11,73,54,34,1018,1015,1011,16,16,16,27,11,37,0,
2011,Jul,15,31,25,19,16,14,12,76,56,36,1019,1018,1017,16,16,16,16,7,29,0,
2011,Jul,16,32,27,21,17,15,12,73,54,34,1021,1020,1019,16,16,16,16,8,27,0,
2011,Jul,17,33,28,22,19,17,14,73,56,38,1022,1020,1017,16,16,16,21,9,29,0,
2011,Jul,18,35,29,24,24,21,18,100,68,36,1017,1013,1010,16,11,2,23,9,32,2.79,Rain
2011,Jul,19,34,29,24,23,21,13,94,63,32,1011,1010,1008,16,11,4,19,6,27,0,
2011,Jul,20,32,28,24,22,21,19,87,70,53,1013,1012,1010,14,10,5,16,6,24,0,
2011,Jul,21,36,30,24,25,24,22,94,72,49,1011,1009,1006,11,7,4,24,9,35,0,
2011,Jul,22,40,34,29,24,22,18,74,55,35,1011,1010,1008,16,12,6,19,7,27,0,
2011,Jul,23,38,33,28,23,21,18,74,55,35,1013,1012,1011,16,16,13,19,6,29,0,
2011,Jul,24,33,29,26,24,22,21,79,64,49,1013,1012,1011,16,14,3,21,6,27,0.76,Rain
2011,Jul,25,27,23,20,22,19,16,100,77,54,1014,1012,1009,16,12,3,21,9,34,8.13,Rain
2011,Jul,26,32,27,21,21,19,16,93,66,38,1009,1007,1004,16,14,3,24,6,40,3.56,Rain
2011,Jul,27,29,24,20,20,16,14,90,67,43,1015,1012,1008,16,16,16,21,7,27,0,
2011,Jul,28,31,26,22,20,18,15,84,65,45,1017,1016,1015,16,16,16,16,5,24,0,
2011,Jul,29,29,26,22,25,23,18,100,82,64,1016,1013,1009,16,5,0,21,6,26,27.43,"Fog , Rain"
2011,Jul,30,33,28,23,23,17,14,94,63,32,1016,1013,1010,16,15,6,21,9,29,0,
2011,Jul,31,33,27,22,17,16,16,78,57,36,1017,1016,1016,16,16,16,16,5,26,T,Thunderstorm
2011,Aug,1,34,28,22,22,20,17,93,70,47,1015,1011,1008,16,16,13,27,5,37,0.51,
2011,Aug,2,33,28,23,20,16,12,79,54,28,1009,1007,1005,16,15,11,21,6,29,0,
2011,Aug,3,31,26,19,21,18,12,61,52,42,1009,1008,1006,16,9,1,19,5,26,19.3,Rain
2011,Aug,4,29,24,19,20,18,16,100,72,44,1016,1012,1008,16,14,6,24,7,27,0,
2011,Aug,5,30,26,21,20,19,18,79,67,55,1019,1018,1016,16,16,14,21,7,29,0,
2011,Aug,6,29,26,22,22,21,19,93,77,61,1018,1015,1011,16,14,4,21,9,32,4.83,Rain
2011,Aug,7,32,27,23,24,23,21,100,78,56,1012,1006,1001,14,10,4,21,6,32,4.06,Rain
2011,Aug,8,32,28,23,22,20,18,87,67,46,1004,1002,1000,16,14,8,27,7,37,0,
2011,Aug,9,28,25,22,23,22,18,100,85,69,1004,1002,1000,16,8,0,16,7,27,53.09,"Fog , Rain"
2011,Aug,10,30,26,21,22,18,15,93,68,43,1006,1003,1000,16,16,10,24,9,34,0,
2011,Aug,11,28,24,21,16,12,10,73,54,35,1013,1010,1007,16,16,16,21,6,29,0,
2011,Aug,12,29,23,18,13,12,11,67,52,37,1017,1016,1014,16,16,16,16,5,24,0,
2011,Aug,13,29,25,21,19,16,12,79,62,44,1019,1017,1015,16,16,16,16,5,27,T,
2011,Aug,14,22,21,19,21,21,19,100,97,93,1016,1012,1008,14,3,0,24,8,39,147.57,"Fog , Rain"
2011,Aug,15,25,23,20,22,21,19,100,92,84,1009,1006,1004,16,13,0,16,7,21,14.22,"Fog , Rain"
2011,Aug,16,26,22,18,19,17,17,93,79,64,1017,1010,1005,16,15,3,21,8,27,0.51,Rain
2011,Aug,17,30,24,19,19,17,15,93,68,43,1020,1019,1017,16,16,16,14,3,26,0,
2011,Aug,18,28,24,19,22,19,17,97,80,62,1019,1016,1013,16,15,5,23,8,35,1.78,Rain
2011,Aug,19,29,24,18,20,19,17,100,76,51,1016,1014,1012,16,10,0,29,5,47,31.5,"Fog , Rain"
2011,Aug,20,29,24,18,20,18,16,100,74,47,1016,1015,1013,16,8,2,14,4,23,0,
2011,Aug,21,29,25,21,22,22,19,100,85,69,1016,1011,1008,16,8,1,21,8,35,17.02,Rain
2011,Aug,22,25,22,18,22,15,11,100,70,40,1014,1010,1007,16,13,3,23,11,39,0,
2011,Aug,23,26,21,16,12,11,9,78,58,37,1019,1016,1014,16,16,16,16,6,26,0,
2011,Aug,24,27,23,19,18,16,11,73,63,53,1020,1017,1014,16,16,16,23,12,37,0,
2011,Aug,25,26,24,22,23,21,18,100,87,73,1014,1013,1011,16,10,0,24,10,37,12.45,"Fog , Rain"
2011,Aug,26,28,25,22,22,21,20,93,80,67,1017,1015,1013,16,13,8,14,3,21,0,
2011,Aug,27,26,24,22,24,23,21,100,91,82,1014,1009,999,16,6,0,35,12,60,73.15,"Fog , Rain"
2011,Aug,28,24,21,18,23,21,13,100,83,66,1007,987,966,16,6,1,52,23,97,101.35,"Fog , Rain"
2011,Aug,29,25,20,15,13,11,9,78,58,38,1017,1013,1008,16,16,16,19,7,26,0,
2011,Aug,30,28,22,16,16,13,11,97,67,37,1021,1020,1017,16,16,16,21,5,27,0,
2011,Aug,31,29,23,17,17,14,11,87,61,34,1023,1022,1021,16,16,14,14,4,19,0,
2011,Sep,1,28,24,19,18,16,12,81,59,37,1022,1021,1020,16,16,11,16,6,26,0,
2011,Sep,2,26,22,18,18,15,14,84,70,56,1021,1019,1018,16,16,16,16,6,21,0,
2011,Sep,3,28,24,19,21,18,12,82,73,63,1017,1014,1012,16,14,11,16,7,24,0,
2011,Sep,4,30,26,22,23,21,19,84,75,65,1014,1012,1010,16,14,10,21,8,29,0,
2011,Sep,5,27,25,22,22,21,18,87,78,69,1011,1009,1008,16,15,13,21,8,34,T,
2011,Sep,6,24,20,16,21,16,15,100,91,82,1020,1016,1009,16,7,1,29,14,40,81.79,Rain
2011,Sep,7,20,18,17,19,18,16,100,97,93,1020,1019,1016,11,6,1,29,17,42,30.73,Rain
2011,Sep,8,26,22,17,21,18,17,100,91,82,1019,1016,1013,16,11,1,27,11,37,22.86,"Fog , Rain"
2011,Sep,9,29,24,19,21,18,18,93,74,55,1013,1011,1009,16,16,16,16,7,23,0,
2011,Sep,10,27,23,20,21,17,16,93,77,60,1017,1013,1011,16,16,16,19,6,26,T,
2011,Sep,11,22,20,18,18,16,14,93,81,68,1020,1019,1017,16,15,10,16,7,26,0.25,
2011,Sep,12,27,23,19,19,18,17,93,76,58,1017,1016,1014,16,13,6,14,3,24,0,
2011,Sep,13,28,24,19,18,17,17,81,66,51,1015,1013,1012,16,13,8,21,8,29,0,
2011,Sep,14,29,26,21,21,19,18,84,70,55,1014,1013,1012,14,12,8,19,8,29,0,
2011,Sep,15,24,18,12,20,16,5,93,76,59,1020,1013,1011,16,12,4,24,7,40,1.78,Rain
2011,Sep,16,18,14,11,6,4,3,71,54,37,1028,1025,1020,16,16,16,21,9,34,0,
2011,Sep,17,18,15,12,8,7,4,72,62,51,1031,1030,1028,16,16,16,26,9,34,0,
2011,Sep,18,20,16,12,11,9,7,77,63,48,1031,1029,1027,16,16,16,27,12,42,0,
2011,Sep,19,20,16,11,12,9,8,80,64,48,1028,1024,1021,16,16,16,16,8,24,0,
2011,Sep,20,20,18,16,17,16,12,93,83,72,1022,1021,1019,16,13,3,21,6,32,1.52,Rain
2011,Sep,21,23,20,17,20,18,17,100,84,68,1025,1023,1022,16,10,4,14,4,26,1.52,Rain
2011,Sep,22,27,23,20,21,21,20,100,85,69,1022,1020,1019,16,8,2,14,2,24,0.51,Rain
2011,Sep,23,23,22,21,22,21,21,100,94,87,1021,1018,1014,11,6,1,16,7,24,66.29,"Fog , Rain"
2011,Sep,24,24,23,21,22,21,19,100,90,79,1019,1016,1013,16,14,4,14,3,24,0,
2011,Sep,25,27,24,21,21,20,18,97,80,62,1020,1018,1016,16,16,13,11,1,16,0,
2011,Sep,26,27,23,20,21,20,19,97,86,74,1017,1015,1014,16,14,10,14,2,19,0,
2011,Sep,27,25,23,21,21,21,19,100,91,82,1016,1015,1014,16,9,4,19,6,24,0,
2011,Sep,28,23,22,20,21,20,19,100,92,84,1016,1014,1011,16,13,4,21,9,29,2.79,Rain
2011,Sep,29,23,19,16,22,19,13,100,89,78,1011,1006,1002,16,7,1,27,7,47,10.16,Rain
2011,Sep,30,24,19,14,17,14,9,100,72,44,1007,1005,1003,16,12,2,19,6,27,18.29,Rain
2011,Oct,1,19,15,10,16,13,7,100,87,73,1008,1005,1002,16,12,3,21,8,29,9.91,Rain
2011,Oct,2,18,14,10,12,9,8,96,78,60,1014,1009,1006,16,15,3,23,8,37,1.52,Rain
2011,Oct,3,14,12,9,10,8,6,96,79,61,1019,1016,1013,16,16,10,14,4,21,1.27,Rain
2011,Oct,4,17,13,9,11,9,8,93,77,60,1017,1016,1015,16,16,16,21,8,29,0,
2011,Oct,5,22,17,12,11,7,1,80,56,31,1026,1019,1016,16,16,16,26,12,35,0,
2011,Oct,6,19,14,8,5,2,-1,76,52,28,1028,1027,1025,16,16,16,16,5,23,0,
2011,Oct,7,19,14,9,8,4,1,77,56,34,1032,1030,1027,16,16,16,16,3,23,0,
2011,Oct,8,25,19,12,12,9,6,72,56,39,1033,1031,1029,16,16,16,19,4,26,0,
2011,Oct,9,29,22,16,13,12,11,72,56,39,1030,1028,1026,16,16,16,13,4,16,0,
2011,Oct,10,27,22,16,14,12,11,72,56,39,1025,1023,1021,16,16,16,13,3,16,0,
2011,Oct,11,23,20,17,14,11,7,73,54,35,1023,1022,1021,16,16,16,21,10,26,0,
2011,Oct,12,17,16,14,14,12,9,93,79,64,1022,1019,1014,16,15,4,34,16,47,11.43,Rain
2011,Oct,13,19,17,14,18,16,14,100,97,93,1014,1009,1006,16,6,1,21,12,32,8.64,Rain
2011,Oct,14,21,18,14,19,18,9,100,84,67,1005,1000,994,16,7,1,21,9,40,25.91,"Fog , Rain"
2011,Oct,15,18,16,12,9,6,3,77,57,37,1009,1004,1001,16,16,16,32,12,48,0,
2011,Oct,16,19,16,12,8,4,2,56,48,40,1013,1009,1004,16,16,16,29,13,42,0,
2011,Oct,17,18,16,14,10,6,1,77,54,31,1009,1007,1004,16,16,16,24,13,37,T,
2011,Oct,18,20,16,12,11,6,1,83,59,34,1012,1011,1009,16,16,16,14,6,21,0.25,
2011,Oct,19,17,16,16,16,16,11,100,89,78,1012,1006,999,16,6,2,27,18,60,28.45,Rain
2011,Oct,20,19,16,12,19,12,6,100,77,53,1006,998,994,16,12,2,19,13,50,0.25,Rain
2011,Oct,21,13,12,10,6,5,4,71,65,59,1016,1012,1007,16,16,16,16,11,34,0,
2011,Oct,22,16,12,8,6,6,4,86,70,53,1020,1018,1016,16,16,16,16,7,-,0,
2011,Oct,23,15,13,10,7,5,2,71,59,47,1021,1020,1019,16,16,16,10,3,-,0,
2011,Oct,24,16,13,10,10,9,7,77,70,62,1020,1017,1014,16,15,11,16,6,27,0,
2011,Oct,25,17,13,10,10,3,-3,77,52,27,1018,1016,1014,16,16,13,26,10,42,0,
2011,Oct,26,17,14,11,10,7,3,77,66,54,1017,1011,1007,16,16,14,16,5,24,0,
2011,Oct,27,16,10,3,13,9,2,100,86,72,1014,1006,1003,16,7,2,27,10,40,16,Rain
2011,Oct,28,9,6,2,2,-1,-5,92,64,36,1025,1021,1015,16,16,16,21,8,27,0,
2011,Oct,29,7,4,1,3,1,-2,100,77,53,1024,1016,1011,16,6,1,35,14,48,50.8,"Fog , Rain , Snow"
2011,Oct,30,8,4,1,1,-1,-3,100,75,49,1027,1020,1013,16,14,3,23,9,35,0.25,Snow
2011,Oct,31,12,7,3,4,2,-1,85,70,54,1029,1028,1027,16,16,11,14,3,23,0,
2011,Nov,1,13,10,7,5,2,-1,77,61,44,1028,1026,1025,16,16,16,26,10,32,0,
2011,Nov,2,14,10,6,5,3,1,82,65,47,1030,1027,1025,16,16,13,13,3,21,0,
2011,Nov,3,15,12,8,7,6,4,76,67,57,1024,1019,1014,16,15,11,23,9,29,0,
2011,Nov,4,12,8,5,7,1,-5,77,58,38,1025,1017,1012,16,15,11,34,13,48,0,
2011,Nov,5,9,6,2,-2,-3,-5,64,50,36,1032,1030,1026,16,16,16,24,8,35,0,
2011,Nov,6,12,8,3,3,1,-5,70,58,45,1034,1032,1029,16,16,16,19,7,26,0,
2011,Nov,7,17,12,7,7,6,4,89,69,48,1029,1026,1024,16,16,13,16,7,24,0,
2011,Nov,8,20,16,12,10,8,6,71,60,49,1025,1024,1023,16,16,13,19,4,21,0,
2011,Nov,9,18,14,11,13,11,8,96,74,52,1024,1021,1016,16,11,3,16,6,24,0,
2011,Nov,10,19,14,8,14,11,7,100,78,56,1017,1010,1003,16,8,2,23,5,35,0.51,Rain
2011,Nov,11,9,7,5,8,0,-4,93,68,42,1016,1007,1003,16,16,8,29,13,50,0.51,Rain
2011,Nov,12,14,9,4,1,-2,-3,64,48,32,1020,1019,1016,16,16,16,23,12,35,0,
2011,Nov,13,16,12,8,4,2,0,66,51,36,1021,1018,1014,16,16,16,23,9,34,0,
2011,Nov,14,21,17,12,11,8,1,67,54,40,1014,1011,1007,16,16,16,24,11,37,0,
2011,Nov,15,18,17,14,12,11,9,75,66,56,1014,1011,1007,16,16,16,26,8,40,T,Rain
2011,Nov,16,15,13,12,13,12,10,100,86,72,1014,1010,1006,16,9,1,16,5,24,18.54,"Fog , Rain"
2011,Nov,17,12,8,4,11,1,-5,79,63,46,1017,1012,1008,16,15,8,26,11,39,1.78,Rain
2011,Nov,18,8,5,2,-4,-6,-7,56,47,37,1030,1027,1018,16,16,16,24,11,37,0,
2011,Nov,19,11,7,3,6,-2,-5,74,55,35,1031,1028,1024,16,16,16,26,11,37,0,
2011,Nov,20,18,14,9,9,7,6,80,66,52,1024,1020,1018,16,16,16,26,14,42,0,
2011,Nov,21,15,12,8,11,3,-1,93,69,44,1027,1024,1020,16,14,6,24,8,32,3.05,Rain
2011,Nov,22,10,8,6,8,7,3,100,87,74,1029,1024,1015,16,8,3,27,12,40,29.46,Rain
2011,Nov,23,12,8,4,12,7,1,100,87,73,1016,1007,1002,16,10,1,29,11,40,11.68,Rain
2011,Nov,24,12,8,3,2,1,-2,85,66,46,1022,1021,1017,16,16,16,19,8,26,0,
2011,Nov,25,16,12,8,3,2,1,65,52,39,1022,1021,1019,16,16,16,21,9,29,0,
2011,Nov,26,18,14,10,1,-1,-2,52,40,27,1023,1022,1020,16,16,16,14,5,23,0,
2011,Nov,27,17,13,8,10,7,1,82,63,43,1022,1021,1019,16,16,14,21,8,34,0,
2011,Nov,28,21,17,13,12,11,9,80,64,47,1021,1020,1019,16,16,16,21,9,29,0,
2011,Nov,29,19,15,11,16,14,9,96,87,78,1018,1012,1005,16,12,2,27,12,48,11.94,Rain
2011,Nov,30,11,9,6,8,3,-1,83,66,48,1014,1007,1004,16,16,14,27,14,42,0,
2011,Dec,1,10,7,3,-2,-4,-8,62,48,34,1026,1022,1015,16,16,16,27,12,40,0,
2011,Dec,2,11,8,4,1,-2,-4,70,54,38,1033,1028,1025,16,16,16,24,9,35,0,
2011,Dec,3,8,6,3,1,-2,-4,70,58,45,1038,1037,1033,16,16,16,16,7,24,0,
2011,Dec,4,13,9,6,9,6,1,89,72,55,1037,1033,1029,16,16,16,23,6,34,0,
2011,Dec,5,15,12,8,11,9,8,100,89,77,1030,1027,1023,16,8,0,23,5,27,0,Fog
2011,Dec,6,17,15,13,16,14,11,97,86,75,1022,1016,1013,16,9,2,24,6,34,5.08,Rain
2011,Dec,7,17,11,6,16,11,5,100,95,90,1013,1006,996,16,6,2,27,7,50,42.67,Rain
2011,Dec,8,7,5,2,5,-2,-5,96,71,45,1027,1015,997,16,15,6,34,15,63,4.06,Rain
2011,Dec,9,11,7,2,4,1,-4,71,62,53,1028,1025,1023,16,16,13,23,8,34,0,
2011,Dec,10,8,4,0,2,-6,-12,67,52,37,1033,1026,1022,16,16,16,24,10,35,0,
2011,Dec,11,4,1,-2,-7,-9,-12,58,45,32,1038,1036,1033,16,16,16,16,6,23,0,
2011,Dec,12,7,4,1,-7,-8,-9,56,44,31,1036,1034,1031,16,16,16,14,6,23,0,
2011,Dec,13,8,4,0,-2,-6,-8,60,46,31,1030,1028,1027,16,16,14,21,7,27,0,
2011,Dec,14,10,6,2,3,1,-2,71,62,53,1030,1029,1027,16,14,3,13,5,-,0,
2011,Dec,15,15,12,8,9,6,4,80,69,57,1026,1016,1008,16,16,11,27,13,37,T,Rain
2011,Dec,16,15,10,5,10,-2,-7,77,56,34,1021,1017,1008,16,16,16,37,12,53,0,
2011,Dec,17,6,3,-1,-4,-7,-9,59,48,37,1021,1020,1019,16,16,16,23,11,35,0,
2011,Dec,18,-1,-3,-6,-9,-13,-17,65,47,28,1027,1024,1021,16,16,16,23,7,32,0,
2011,Dec,19,8,3,-2,12,-4,-12,66,54,42,1026,1020,1015,16,16,13,27,12,40,0,
2011,Dec,20,9,7,5,3,0,-3,82,64,45,1023,1021,1015,16,16,14,23,8,37,0.25,Rain
2011,Dec,21,17,11,6,14,9,3,96,89,82,1021,1013,1006,16,12,3,39,10,56,2.79,Rain
2011,Dec,22,14,12,9,8,4,2,72,60,47,1019,1016,1009,16,16,14,24,9,35,1.52,Rain
2011,Dec,23,9,6,2,8,4,-6,100,77,53,1023,1015,1009,16,11,3,26,11,37,19.05,Rain
2011,Dec,24,2,1,-2,-7,-8,-10,63,54,44,1032,1029,1023,16,16,16,24,9,32,0,
2011,Dec,25,8,4,-1,1,-3,-11,70,57,44,1030,1022,1012,16,16,16,26,9,35,0,
2011,Dec,26,7,6,3,0,-3,-5,70,56,41,1026,1021,1012,16,16,16,29,14,45,0,
2011,Dec,27,14,9,3,13,6,-3,100,79,57,1023,1006,992,16,11,3,34,13,60,25.91,Rain
2011,Dec,28,10,5,-1,4,-3,-10,74,59,44,1010,1002,995,16,16,16,35,19,56,0,
2011,Dec,29,3,-1,-4,-4,-11,-14,56,46,35,1017,1016,1015,16,16,16,26,11,37,0,
2011,Dec,30,11,7,3,7,1,-3,86,65,44,1017,1016,1014,16,16,16,16,5,23,0,
2011,Dec,31,12,10,8,7,5,3,86,73,59,1017,1012,1009,16,16,14,21,9,27,0.25,